time	local_ip	remote_ip	remote_port	protocol	download	upload
2019-05-09T07:55:57.512Z	192.168.2.134	139.7.117.161	4500	udp:udpencap	29	116
2019-05-09T07:55:57.512Z	192.168.2.104	108.177.127.125	5222	tcp	1820	583
2019-05-09T07:55:57.512Z	192.168.2.104	108.177.127.125	5222	tcp:xmpp	0	1802
2019-05-09T07:55:57.512Z	192.168.2.116	194.50.69.193	80	tcp	260	104
2019-05-09T07:55:57.512Z	192.168.2.116	194.50.69.193	80	tcp:http	469	0
2019-05-09T07:55:57.512Z	192.168.2.116	194.50.69.193	443	tcp	493640	21352
2019-05-09T07:55:57.512Z	192.168.2.1	192.168.8.1	53	udp:dns	37266	17065
2019-05-09T07:55:57.512Z	192.168.2.116	194.50.69.193	443	tcp:ssl	38329	2881
2019-05-09T07:55:57.512Z	192.168.2.116	52.85.184.55	443	tcp	13456	1224
2019-05-09T07:55:57.512Z	192.168.2.116	52.85.184.55	443	tcp:ssl	6824	2851
2019-05-09T07:55:57.512Z	192.168.2.116	194.50.69.193	443	tcp:ssl:pkcs-1:x509sat:x509sat:x509sat	787	0
2019-05-09T07:55:57.512Z	192.168.2.116	52.85.184.55	443	tcp:ssl:pkcs-1:x509sat:x509sat:x509sat	1500	0
2019-05-09T07:55:57.512Z	192.168.2.116	52.85.184.55	443	tcp:ssl:ssl	110	0
2019-05-09T07:55:57.512Z	192.168.2.116	93.184.220.29	80	tcp	1472	4430
2019-05-09T07:55:57.512Z	192.168.2.116	93.184.220.29	80	tcp:http:ocsp:x509af	0	4376
2019-05-09T07:55:57.512Z	192.168.2.116	93.184.220.29	80	tcp:http:ocsp:ocsp:x509af:pkcs-1	8636	0
2019-05-09T07:55:57.512Z	192.168.2.116	194.50.69.193	443	tcp:ssl:ssl	62427	0
2019-05-09T07:55:57.512Z	192.168.2.116	172.217.20.98	443	tcp:ssl	4645	4834
2019-05-09T07:55:57.512Z	192.168.2.116	23.52.12.242	443	tcp	15778	19056
2019-05-09T07:55:57.512Z	192.168.2.116	172.217.20.98	443	tcp	424	532
2019-05-09T07:55:57.512Z	192.168.2.116	23.52.12.242	443	tcp:ssl	26745	13860
2019-05-09T07:55:57.512Z	192.168.2.116	172.217.17.67	443	tcp:ssl	19278	1022
2019-05-09T07:55:57.512Z	192.168.2.116	23.52.12.242	443	tcp:ssl:pkcs-1:x509sat:x509sat:x509sat	10500	0
2019-05-09T07:55:57.512Z	192.168.2.116	23.52.12.242	443	tcp:ssl:ocsp:x509af:pkcs-1:ssl	5677	0
2019-05-09T07:55:57.512Z	192.168.2.116	172.217.17.67	443	tcp:ssl:ssl	79482	0
2019-05-09T07:55:57.512Z	192.168.2.116	172.217.17.67	443	tcp	364	2847
2019-05-09T07:55:57.512Z	192.168.2.116	172.217.17.130	443	tcp:ssl	59020	24727
2019-05-09T07:55:57.512Z	192.168.2.116	172.217.5.3	443	tcp:ssl	635	587
2019-05-09T07:55:57.512Z	192.168.2.116	172.217.19.206	443	tcp:ssl	2866	4888
2019-05-09T07:55:57.512Z	192.168.2.116	172.217.168.206	443	tcp:ssl	91	91
2019-05-09T07:55:57.512Z	192.168.2.116	216.58.213.195	443	tcp:ssl	91	91
2019-05-09T07:55:57.512Z	192.168.2.116	23.52.12.242	443	tcp:ssl:ssl	397972	0
2019-05-09T07:55:57.512Z	192.168.2.116	91.215.103.64	443	tcp	12380	740
2019-05-09T07:55:57.512Z	192.168.2.116	91.215.103.64	443	tcp:ssl	4025	1319
2019-05-09T07:55:57.512Z	192.168.2.116	178.250.2.152	443	tcp	348	468
2019-05-09T07:55:57.512Z	192.168.2.116	172.217.19.206	443	tcp	728	819
2019-05-09T07:55:57.512Z	192.168.2.116	91.215.103.64	443	tcp:ssl:pkcs-1:x509sat:x509sat:x509sat	599	0
2019-05-09T07:55:57.512Z	192.168.2.116	216.58.213.195	443	tcp	0	143
2019-05-09T07:55:57.512Z	192.168.2.116	172.217.5.3	443	tcp	156	299
2019-05-09T07:55:57.512Z	192.168.2.116	92.123.41.164	443	tcp	10320	9623
2019-05-09T07:55:57.512Z	192.168.2.116	185.64.189.112	443	tcp	3216	428
2019-05-09T07:55:57.512Z	192.168.2.116	173.241.240.220	443	tcp	216	376
2019-05-09T07:55:57.512Z	192.168.2.116	69.173.144.143	443	tcp	4768	584
2019-05-09T07:55:57.512Z	192.168.2.116	185.33.223.206	443	tcp	4844	667
2019-05-09T07:55:57.512Z	192.168.2.116	178.250.2.152	443	tcp:ssl	3724	2549
2019-05-09T07:55:57.512Z	192.168.2.116	92.123.41.164	443	tcp:ssl	19992	10745
2019-05-09T07:55:57.512Z	192.168.2.116	173.241.240.220	443	tcp:ssl	2774	1859
2019-05-09T07:55:57.512Z	192.168.2.116	69.173.144.143	443	tcp:ssl	5745	2293
2019-05-09T07:55:57.512Z	192.168.2.116	185.64.189.112	443	tcp:ssl	1954	2331
2019-05-09T07:55:57.512Z	192.168.2.116	185.33.223.206	443	tcp:ssl	5412	4435
2019-05-09T07:55:57.512Z	192.168.2.116	172.217.17.130	443	tcp	2360	10907
2019-05-09T07:55:57.512Z	192.168.2.116	92.123.41.164	443	tcp:ssl:pkcs-1:x509sat:x509sat:x509sat	9000	0
2019-05-09T07:55:57.512Z	192.168.2.116	92.123.41.164	443	tcp:ssl:ssl	438	0
2019-05-09T07:55:57.512Z	192.168.2.116	172.217.168.206	443	tcp	0	143
2019-05-09T07:55:57.512Z	192.168.2.116	178.250.2.152	443	tcp:ssl:pkcs-1:x509sat:x509sat:x509sat	1468	0
2019-05-09T07:55:57.512Z	192.168.2.116	173.241.240.220	443	tcp:ssl:ssl	1266	0
2019-05-09T07:55:57.512Z	192.168.2.116	193.46.63.75	443	tcp	1664	376
2019-05-09T07:55:57.512Z	192.168.2.116	69.173.144.143	443	tcp:ssl:pkcs-1:x509sat:x509sat:x509sat	155	0
2019-05-09T07:55:57.512Z	192.168.2.116	216.58.213.194	443	tcp	2878	7932
2019-05-09T07:55:57.512Z	192.168.2.116	185.64.189.112	443	tcp:ssl:pkcs-1:x509sat:x509sat:x509sat	590	0
2019-05-09T07:55:57.512Z	192.168.2.116	193.46.63.75	443	tcp:ssl	2084	1555
2019-05-09T07:55:57.512Z	192.168.2.116	216.58.213.194	443	tcp:ssl	51732	8342
2019-05-09T07:55:57.512Z	192.168.2.116	185.33.223.206	443	tcp:ssl:x509sat:x509sat:x509sat:x509sat	1465	0
2019-05-09T07:55:57.512Z	192.168.2.116	193.46.63.75	443	tcp:ssl:pkcs-1:x509sat:x509sat:x509sat	1406	0
2019-05-09T07:55:57.512Z	192.168.2.116	216.58.213.194	443	tcp:ssl:ssl	63448	0
2019-05-09T07:55:57.512Z	192.168.2.116	178.250.0.130	443	tcp	328	756
2019-05-09T07:55:57.512Z	192.168.2.116	178.250.0.130	443	tcp:ssl	4392	1522
2019-05-09T07:55:57.512Z	192.168.2.116	178.250.0.157	443	tcp	7912	1321
2019-05-09T07:55:57.512Z	192.168.2.116	178.250.0.130	443	tcp:ssl:ssl	2255	0
2019-05-09T07:55:57.512Z	192.168.2.116	178.250.0.157	443	tcp:ssl	5318	2727
2019-05-09T07:55:57.512Z	192.168.2.116	178.250.0.157	443	tcp:ssl:pkcs-1:x509sat:x509sat:x509sat	1468	0
2019-05-09T07:55:57.512Z	192.168.2.116	185.235.84.76	443	tcp	336	468
2019-05-09T07:55:57.512Z	192.168.2.116	185.60.216.19	443	tcp	112855	4884
2019-05-09T07:55:57.512Z	192.168.2.116	91.215.100.40	443	tcp	3308	584
2019-05-09T07:55:57.512Z	192.168.2.116	178.250.0.163	443	tcp	296	416
2019-05-09T07:55:57.512Z	192.168.2.116	185.235.84.76	443	tcp:ssl	2968	1893
2019-05-09T07:55:57.512Z	192.168.2.116	185.60.216.19	443	tcp:ssl	12890	2999
2019-05-09T07:55:57.512Z	192.168.2.116	178.250.0.163	443	tcp:ssl	2868	1781
2019-05-09T07:55:57.512Z	192.168.2.116	91.215.100.40	443	tcp:ssl	2668	1623
2019-05-09T07:55:57.512Z	192.168.2.116	185.235.84.76	443	tcp:ssl:pkcs-1:x509sat:x509sat:x509sat	1481	0
2019-05-09T07:55:57.512Z	192.168.2.116	185.60.216.19	443	tcp:ssl:ssl	25679	0
2019-05-09T07:55:57.512Z	192.168.2.116	91.215.100.40	443	tcp:ssl:pkcs-1:x509sat:x509sat:x509sat	599	0
2019-05-09T07:55:57.512Z	192.168.2.116	172.217.19.67	443	tcp:ssl	9387	8455
2019-05-09T07:55:57.512Z	192.168.2.116	178.250.0.163	443	tcp:ssl:pkcs-1:x509sat:x509sat:x509sat	1468	0
2019-05-09T07:55:57.512Z	192.168.2.116	172.217.19.67	443	tcp	1684	4294
2019-05-09T07:55:57.512Z	192.168.2.116	185.235.84.5	443	tcp	256	416
2019-05-09T07:55:57.512Z	192.168.2.116	185.235.84.5	443	tcp:ssl	2004	1893
2019-05-09T07:55:57.512Z	192.168.2.116	185.235.84.5	443	tcp:ssl:pkcs-1:x509sat:x509sat:x509sat	1481	0
2019-05-09T07:55:57.512Z	192.168.2.116	172.217.17.130	443	tcp:ssl:ssl	91284	0
2019-05-09T07:55:57.512Z	192.168.2.116	172.217.17.65	443	tcp	476	4521
2019-05-09T07:55:57.512Z	192.168.2.116	172.217.17.65	443	tcp:ssl	44490	4430
2019-05-09T07:55:57.512Z	192.168.2.116	108.177.126.155	443	tcp	216	428
2019-05-09T07:55:57.512Z	192.168.2.116	108.177.126.155	443	tcp:ssl	1960	1635
2019-05-09T07:55:57.512Z	192.168.2.116	185.60.216.35	443	tcp	465838	21980
2019-05-09T07:55:57.512Z	192.168.2.116	185.60.216.35	443	tcp:ssl	77009	6218
2019-05-09T07:55:57.512Z	192.168.2.116	172.217.16.70	443	tcp	5156	8852
2019-05-09T07:55:57.512Z	192.168.2.116	185.60.216.35	443	tcp:ssl:ssl	144166	0
2019-05-09T07:55:57.512Z	192.168.2.116	172.217.16.70	443	tcp:ssl	17925	6130
2019-05-09T07:55:57.512Z	192.168.2.116	172.217.16.70	443	tcp:ssl:ssl	79021	0
2019-05-09T07:55:57.512Z	192.168.2.1	217.10.79.9	5060	udp:data	192	0
2019-05-09T07:55:57.512Z	192.168.2.116	178.250.2.151	443	tcp	888	1300
2019-05-09T07:55:57.512Z	192.168.2.116	178.250.2.151	443	tcp:ssl	8724	4831
2019-05-09T07:55:57.512Z	192.168.2.116	178.250.2.151	443	tcp:ssl:pkcs-1:x509sat:x509sat:x509sat	4415	0
2019-05-09T07:55:57.512Z	192.168.2.104	162.125.18.133	443	tcp:ssl	618	3028
2019-05-09T07:55:57.512Z	192.168.2.104	162.125.18.133	443	tcp	208	104
2019-05-09T07:55:57.512Z	192.168.2.116	85.215.5.31	443	tcp	3436	615
2019-05-09T07:55:57.512Z	192.168.2.116	85.215.5.31	443	tcp:ssl	2244	1333
2019-05-09T07:55:57.512Z	192.168.2.116	107.178.242.85	443	tcp	216	324
2019-05-09T07:55:57.512Z	192.168.2.116	23.52.12.42	443	tcp	1820	444
2019-05-09T07:55:57.512Z	192.168.2.116	62.210.221.51	443	tcp	268	324
2019-05-09T07:55:57.512Z	192.168.2.116	107.178.242.85	443	tcp:ssl	883	1507
2019-05-09T07:55:57.512Z	192.168.2.116	23.52.12.42	443	tcp:ssl	2480	1726
2019-05-09T07:55:57.512Z	192.168.2.116	62.210.221.51	443	tcp:ssl	1985	1033
2019-05-09T07:55:57.512Z	192.168.2.116	85.215.5.31	443	tcp:ssl:pkcs-1:x509sat:x509sat:x509sat	477	0
2019-05-09T07:55:57.512Z	192.168.2.116	23.52.12.42	443	tcp:ssl:pkcs-1:x509sat:x509sat:x509sat	889	0
2019-05-09T07:55:57.512Z	192.168.2.116	62.210.221.51	443	tcp:ssl:pkcs-1:x509sat:x509sat:x509sat	1500	0
2019-05-09T07:55:57.512Z	192.168.2.116	62.210.221.51	443	tcp:ssl:ocsp:x509sat:x509sat:x509sat	818	0
2019-05-09T07:55:57.512Z	192.168.2.116	205.185.216.10	443	tcp	1261	544
2019-05-09T07:55:57.512Z	192.168.2.116	205.185.216.10	443	tcp:ssl	2449	1271
2019-05-09T07:55:57.512Z	192.168.2.116	151.101.114.2	443	tcp	3216	480
2019-05-09T07:55:57.512Z	192.168.2.116	69.173.144.165	443	tcp	3432	2579
2019-05-09T07:55:57.512Z	192.168.2.116	52.57.106.31	443	tcp	1716	428
2019-05-09T07:55:57.512Z	192.168.2.116	185.33.223.100	443	tcp	216	1940
2019-05-09T07:55:57.512Z	192.168.2.116	2.23.75.186	443	tcp	1612	416
2019-05-09T07:55:57.512Z	192.168.2.116	92.123.41.210	443	tcp	1716	444
2019-05-09T07:55:57.512Z	192.168.2.116	185.86.137.32	443	tcp	1832	1120
2019-05-09T07:55:57.512Z	192.168.2.116	185.64.189.110	443	tcp	3112	1166
2019-05-09T07:55:57.512Z	192.168.2.116	35.157.79.49	443	tcp	3164	1104
2019-05-09T07:55:57.512Z	192.168.2.116	35.158.238.250	443	tcp	3560	1709
2019-05-09T07:55:57.512Z	192.168.2.116	18.153.11.22	443	tcp	3268	1306
2019-05-09T07:55:57.512Z	192.168.2.116	23.194.206.97	443	tcp	1884	1615
2019-05-09T07:55:57.512Z	192.168.2.116	54.36.212.191	443	tcp	4884	1485
2019-05-09T07:55:57.512Z	192.168.2.116	69.173.144.165	443	tcp:ssl	5434	5482
2019-05-09T07:55:57.512Z	192.168.2.116	151.101.114.2	443	tcp:ssl	2380	1385
2019-05-09T07:55:57.512Z	192.168.2.116	92.123.41.210	443	tcp:ssl	2532	1350
2019-05-09T07:55:57.512Z	192.168.2.116	185.33.223.100	443	tcp:ssl	6245	4834
2019-05-09T07:55:57.512Z	192.168.2.116	52.57.106.31	443	tcp:ssl	2426	1467
2019-05-09T07:55:57.512Z	192.168.2.116	35.158.238.250	443	tcp:ssl	3041	1925
2019-05-09T07:55:57.512Z	192.168.2.116	35.157.79.49	443	tcp:ssl	2436	1387
2019-05-09T07:55:57.512Z	192.168.2.116	18.153.11.22	443	tcp:ssl	2747	1815
2019-05-09T07:55:57.512Z	192.168.2.116	185.64.189.110	443	tcp:ssl	2537	1371
2019-05-09T07:55:57.512Z	192.168.2.116	185.86.137.32	443	tcp:ssl	2402	1553
2019-05-09T07:55:57.512Z	192.168.2.116	92.123.40.12	443	tcp	2000	584
2019-05-09T07:55:57.512Z	192.168.2.116	2.23.75.186	443	tcp:ssl	2962	1627
2019-05-09T07:55:57.512Z	192.168.2.116	23.194.206.97	443	tcp:ssl	2578	1245
2019-05-09T07:55:57.512Z	192.168.2.116	34.194.119.149	443	tcp	3372	496
2019-05-09T07:55:57.512Z	192.168.2.116	54.36.212.191	443	tcp:ssl	2492	1570
2019-05-09T07:55:57.512Z	192.168.2.116	92.123.41.210	443	tcp:ssl:pkcs-1:x509sat:x509sat:x509sat	1239	0
2019-05-09T07:55:57.512Z	192.168.2.116	69.173.144.165	443	tcp:ssl:pkcs-1:x509sat:x509sat:x509sat	374	0
2019-05-09T07:55:57.512Z	192.168.2.116	151.101.114.2	443	tcp:ssl:pkcs-1:x509sat:x509sat:x509sat	1500	0
2019-05-09T07:55:57.512Z	192.168.2.116	151.101.114.2	443	tcp:ssl:ocsp:x509af:pkcs-1:pkcs-1	939	0
2019-05-09T07:55:57.512Z	192.168.2.116	34.194.119.149	443	tcp:ssl	2016	1202
2019-05-09T07:55:57.512Z	192.168.2.116	92.123.40.12	443	tcp:ssl	2291	1563
2019-05-09T07:55:57.512Z	192.168.2.116	173.241.240.143	443	tcp	268	997
2019-05-09T07:55:57.512Z	192.168.2.116	217.12.15.83	443	tcp	4936	759
2019-05-09T07:55:57.512Z	192.168.2.116	185.33.223.100	443	tcp:ssl:x509sat:x509sat:x509sat:x509sat	1464	0
2019-05-09T07:55:57.512Z	192.168.2.116	52.57.106.31	443	tcp:ssl:pkcs-1:x509sat:x509sat:x509sat	1500	0
2019-05-09T07:55:57.512Z	192.168.2.116	52.57.106.31	443	tcp:ssl:ssl	195	0
2019-05-09T07:55:57.512Z	192.168.2.116	35.158.238.250	443	tcp:ssl:pkcs-1:x509sat:x509sat:x509sat	473	0
2019-05-09T07:55:57.512Z	192.168.2.116	35.156.131.99	443	tcp	3268	1065
2019-05-09T07:55:57.512Z	192.168.2.116	173.241.240.143	443	tcp:ssl	3908	2297
2019-05-09T07:55:57.512Z	192.168.2.116	54.72.180.24	443	tcp	216	324
2019-05-09T07:55:57.512Z	192.168.2.116	35.157.79.49	443	tcp:ssl:pkcs-1:x509sat:x509sat:x509sat	954	0
2019-05-09T07:55:57.512Z	192.168.2.116	18.153.11.22	443	tcp:ssl:pkcs-1:x509sat:x509sat:x509sat	1500	0
2019-05-09T07:55:57.512Z	192.168.2.116	18.153.11.22	443	tcp:ssl:ssl	284	0
2019-05-09T07:55:57.512Z	192.168.2.116	185.64.189.110	443	tcp:ssl:pkcs-1:x509sat:x509sat:x509sat	581	0
2019-05-09T07:55:57.512Z	192.168.2.116	217.12.15.83	443	tcp:ssl	3234	1795
2019-05-09T07:55:57.512Z	192.168.2.116	52.201.165.246	443	tcp	3424	1065
2019-05-09T07:55:57.512Z	192.168.2.116	35.156.131.99	443	tcp:ssl	1840	1241
2019-05-09T07:55:57.512Z	192.168.2.116	54.72.180.24	443	tcp:ssl	2234	1352
2019-05-09T07:55:57.512Z	192.168.2.116	185.86.137.32	443	tcp:ssl:pkcs-1:x509sat:x509sat:x509sat	443	0
2019-05-09T07:55:57.512Z	192.168.2.116	2.23.75.186	443	tcp:ssl:pkcs-1:x509sat:x509sat:x509sat	966	0
2019-05-09T07:55:57.512Z	192.168.2.116	23.194.206.97	443	tcp:ssl:pkcs-1:x509sat:x509sat:x509sat	983	0
2019-05-09T07:55:57.512Z	192.168.2.116	52.201.165.246	443	tcp:ssl	2171	1142
2019-05-09T07:55:57.512Z	192.168.2.116	54.36.212.191	443	tcp:ssl:pkcs-1:x509sat:x509sat:x509sat	587	0
2019-05-09T07:55:57.512Z	192.168.2.116	92.123.40.12	443	tcp:ssl:pkcs-1:x509sat:x509sat:x509sat	981	0
2019-05-09T07:55:57.512Z	192.168.2.116	52.209.176.49	443	tcp	320	444
2019-05-09T07:55:57.512Z	192.168.2.116	52.209.176.49	443	tcp:ssl	2453	1234
2019-05-09T07:55:57.512Z	192.168.2.116	34.194.119.149	443	tcp:ssl:pkcs-1:x509sat:x509sat:x509sat	973	0
2019-05-09T07:55:57.512Z	192.168.2.116	54.72.180.24	443	tcp:ssl:pkcs-1:x509sat:x509sat:x509sat	1500	0
2019-05-09T07:55:57.512Z	192.168.2.116	54.72.180.24	443	tcp:ssl:ssl	85	0
2019-05-09T07:55:57.512Z	192.168.2.116	217.12.15.83	443	tcp:ssl:pkcs-1:x509sat:x509sat:x509sat	1234	0
2019-05-09T07:55:57.512Z	192.168.2.116	173.241.240.143	443	tcp:ssl:ssl	1264	0
2019-05-09T07:55:57.512Z	192.168.2.116	35.156.131.99	443	tcp:ssl:pkcs-1:x509sat:x509sat:x509sat	1196	0
2019-05-09T07:55:57.512Z	192.168.2.116	52.209.176.49	443	tcp:ssl:pkcs-1:x509sat:x509sat:x509sat	1500	0
2019-05-09T07:55:57.512Z	192.168.2.116	52.209.176.49	443	tcp:ssl:ssl	227	0
2019-05-09T07:55:57.512Z	192.168.2.116	188.121.36.239	80	tcp	320	352
2019-05-09T07:55:57.512Z	192.168.2.116	188.121.36.239	80	tcp:http:ocsp:x509af	0	428
2019-05-09T07:55:57.512Z	192.168.2.116	52.201.165.246	443	tcp:ssl:pkcs-1:x509sat:x509sat:x509sat	1075	0
2019-05-09T07:55:57.512Z	192.168.2.116	188.121.36.239	80	tcp:http	1500	0
2019-05-09T07:55:57.512Z	192.168.2.116	188.121.36.239	80	tcp:http:ocsp:ocsp:x509sat:x509sat	876	0
2019-05-09T07:55:57.512Z	192.168.2.116	54.154.211.245	443	tcp	1716	388
2019-05-09T07:55:57.512Z	192.168.2.116	46.228.164.11	443	tcp	750	452
2019-05-09T07:55:57.512Z	192.168.2.116	185.29.132.23	443	tcp	216	376
2019-05-09T07:55:57.512Z	192.168.2.116	46.228.164.11	443	tcp:ssl	2236	1173
2019-05-09T07:55:57.512Z	192.168.2.116	185.29.132.23	443	tcp:ssl	1826	797
2019-05-09T07:55:57.512Z	192.168.2.116	46.228.164.11	443	tcp:ssl:pkcs-1:x509sat:x509sat:x509sat	1440	0
2019-05-09T07:55:57.512Z	192.168.2.116	185.29.132.23	443	tcp:ssl:pkcs-1:x509sat:x509sat:x509sat	1500	0
2019-05-09T07:55:57.512Z	192.168.2.116	185.29.132.23	443	tcp:ssl:ssl	68	0
2019-05-09T07:55:57.512Z	192.168.2.116	205.185.216.10	443	tcp:ssl:pkcs-1:x509sat:x509sat:x509sat	1500	0
2019-05-09T07:55:57.512Z	192.168.2.116	205.185.216.10	443	tcp:ssl:ocsp:x509af:pkcs-1:ssl	689	0
2019-05-09T07:55:57.512Z	192.168.2.116	54.154.211.245	443	tcp:ssl	1969	1066
2019-05-09T07:55:57.512Z	192.168.2.116	54.154.211.245	443	tcp:ssl:pkcs-1:x509sat:x509sat:x509sat	629	0
2019-05-09T07:55:57.512Z	192.168.2.104	54.230.93.68	443	tcp	21704	3755
2019-05-09T07:55:57.512Z	192.168.2.104	54.230.93.68	443	tcp:ssl	20486	6590
2019-05-09T07:55:57.512Z	192.168.2.104	54.230.93.68	443	tcp:ssl:pkcs-1:x509sat:x509sat:x509sat	9000	0
2019-05-09T07:55:57.512Z	192.168.2.104	54.230.93.68	443	tcp:ssl:ocsp:x509af:pkcs-1:ssl	3648	0
2019-05-09T07:55:57.512Z	192.168.2.104	35.244.179.255	443	tcp	320	480
2019-05-09T07:55:57.512Z	192.168.2.104	35.244.179.255	443	tcp:ssl	1270	1459
2019-05-09T07:55:57.512Z	192.168.2.104	54.230.93.68	443	tcp:ssl:ssl	2369	0
2019-05-09T07:55:57.512Z	192.168.2.104	193.104.220.6	80	tcp	1347864	47517
2019-05-09T07:55:57.512Z	192.168.2.104	193.104.220.6	80	tcp:http	124990	56761
2019-05-09T07:55:57.512Z	192.168.2.104	193.104.220.6	80	tcp:http:data:data:data:data	57	0
2019-05-09T07:55:57.512Z	192.168.2.104	193.104.220.90	443	tcp	19904	1260
2019-05-09T07:55:57.512Z	192.168.2.104	91.215.103.64	443	tcp	27118	2034
2019-05-09T07:55:57.512Z	192.168.2.104	216.58.213.194	443	tcp	5388	8067
2019-05-09T07:55:57.512Z	192.168.2.104	91.215.103.64	443	tcp:ssl	8016	2571
2019-05-09T07:55:57.512Z	192.168.2.104	193.104.220.90	443	tcp:ssl	6949	3631
2019-05-09T07:55:57.512Z	192.168.2.104	216.58.213.194	443	tcp:ssl	53878	22254
2019-05-09T07:55:57.512Z	192.168.2.104	91.215.103.64	443	tcp:ssl:pkcs-1:x509sat:x509sat:x509sat	1198	0
2019-05-09T07:55:57.512Z	192.168.2.104	193.104.220.6	80	tcp:http:image-jfif	30459	0
2019-05-09T07:55:57.512Z	192.168.2.104	193.104.220.90	443	tcp:ssl:pkcs-1:x509sat:x509sat:x509sat	671	0
2019-05-09T07:55:57.512Z	192.168.2.104	193.104.220.6	80	tcp:http:data-text-lines	1599	0
2019-05-09T07:55:57.512Z	192.168.2.104	193.104.220.90	443	tcp:ssl:ssl	1753	0
2019-05-09T07:55:57.512Z	192.168.2.104	193.104.220.6	80	tcp:http:png	8829	0
2019-05-09T07:55:57.512Z	192.168.2.104	91.215.100.40	80	tcp	320	404
2019-05-09T07:55:57.512Z	192.168.2.104	91.215.100.40	80	tcp:http	774	621
2019-05-09T07:55:57.512Z	192.168.2.104	54.192.93.120	443	tcp	2630	440
2019-05-09T07:55:57.512Z	192.168.2.104	54.192.93.120	443	tcp:ssl	1953	1066
2019-05-09T07:55:57.512Z	192.168.2.104	54.192.93.120	443	tcp:ssl:pkcs-1:x509sat:x509sat:x509sat	914	0
2019-05-09T07:55:57.512Z	192.168.2.104	193.104.220.6	80	tcp:http:image-gif	499	0
2019-05-09T07:55:57.512Z	192.168.2.104	216.58.208.98	443	tcp	4824	24931
2019-05-09T07:55:57.512Z	192.168.2.104	216.58.208.98	443	tcp:ssl	170944	59325
2019-05-09T07:55:57.512Z	192.168.2.104	216.58.208.98	443	tcp:ssl:ssl	40950	1500
2019-05-09T07:55:57.512Z	192.168.2.102	17.248.145.211	443	tcp:ssl	165	75
2019-05-09T07:55:57.512Z	192.168.2.104	172.217.17.65	80	tcp	224	492
2019-05-09T07:55:57.512Z	192.168.2.102	17.248.145.211	443	tcp	115	172
2019-05-09T07:55:57.512Z	192.168.2.104	172.217.20.80	443	tcp	1716	376
2019-05-09T07:55:57.512Z	192.168.2.104	172.217.17.65	443	tcp	5512	3088
2019-05-09T07:55:57.512Z	192.168.2.104	172.217.20.80	443	tcp:ssl	2846	1455
2019-05-09T07:55:57.512Z	192.168.2.104	172.217.17.65	443	tcp:ssl	32044	3580
2019-05-09T07:55:57.512Z	192.168.2.129	138.68.126.106	123	udp:ntp	76	76
2019-05-09T07:55:57.512Z	192.168.2.104	193.104.220.6	80	tcp:http:xml	4409	0
2019-05-09T07:55:57.512Z	192.168.2.104	52.36.110.221	443	tcp	3640	808
2019-05-09T07:55:57.512Z	192.168.2.104	216.58.213.194	80	tcp	28732	1757
2019-05-09T07:55:57.512Z	192.168.2.104	52.36.110.221	443	tcp:ssl	6126	1843
2019-05-09T07:55:57.512Z	192.168.2.104	216.58.213.194	80	tcp:http	1500	850
2019-05-09T07:55:57.512Z	192.168.2.104	54.156.217.7	80	tcp	320	352
2019-05-09T07:55:57.512Z	192.168.2.104	172.217.17.74	443	tcp	320	376
2019-05-09T07:55:57.512Z	192.168.2.104	216.58.213.194	80	tcp:http:data-text-lines	422	0
2019-05-09T07:55:57.512Z	192.168.2.104	54.156.217.7	80	tcp:http	0	328
2019-05-09T07:55:57.512Z	192.168.2.104	172.217.17.74	443	tcp:ssl	2018	1561
2019-05-09T07:55:57.512Z	192.168.2.116	108.177.127.125	5222	tcp	1144	0
2019-05-09T07:55:57.512Z	192.168.2.116	108.177.127.125	5222	tcp:xmpp	0	1060
2019-05-09T07:55:57.512Z	192.168.2.104	52.36.110.221	443	tcp:ssl:pkcs-1:x509sat:x509sat:x509sat	1472	0
2019-05-09T07:55:57.512Z	192.168.2.104	54.156.217.7	80	tcp:http:data-text-lines	490	0
2019-05-09T07:55:57.512Z	192.168.2.104	23.194.206.45	80	tcp	90320	2952
2019-05-09T07:55:57.512Z	192.168.2.104	23.194.206.45	80	tcp:http	1500	354
2019-05-09T07:55:57.512Z	192.168.2.104	23.194.206.45	80	tcp:http:media	511	0
2019-05-09T07:55:57.512Z	192.168.2.104	216.58.213.194	443	tcp:ssl:ssl	47004	0
2019-05-09T07:55:57.512Z	192.168.2.104	54.230.93.176	80	tcp	112	220
2019-05-09T07:55:57.512Z	192.168.2.104	34.214.74.24	443	tcp	7046	5944
2019-05-09T07:55:57.512Z	192.168.2.104	34.214.74.24	443	tcp:ssl	5622	9732
2019-05-09T07:55:57.512Z	192.168.2.116	108.177.127.125	5222	tcp:xmpp:xml	0	53
2019-05-09T07:55:57.512Z	192.168.2.104	34.214.74.24	443	tcp:ssl:pkcs-1:x509sat:x509sat:x509sat	1677	0
2019-05-09T07:55:57.512Z	192.168.2.104	213.202.235.9	443	tcp	3736	1643
2019-05-09T07:55:57.512Z	192.168.2.104	172.217.17.65	443	tcp:ssl:ssl	22162	0
2019-05-09T07:55:57.512Z	192.168.2.104	213.202.235.9	443	tcp:ssl	5058	3030
2019-05-09T07:55:57.512Z	192.168.2.104	54.230.93.157	80	tcp	112	220
2019-05-09T07:55:57.512Z	192.168.2.104	213.202.235.9	443	tcp:ssl:pkcs-1:x509sat:x509sat:x509sat	2051	0
2019-05-09T07:55:57.512Z	192.168.2.104	213.202.235.9	443	tcp:ssl:ssl	329	0
2019-05-09T07:55:57.512Z	192.168.2.104	172.217.20.100	443	tcp	788	1168
2019-05-09T07:55:57.512Z	192.168.2.104	172.217.20.100	443	tcp:ssl	6369	4047
2019-05-09T07:55:57.512Z	192.168.2.104	104.18.21.226	80	tcp	216	300
2019-05-09T07:55:57.512Z	192.168.2.104	104.18.21.226	80	tcp:http:ocsp:x509af	0	914
2019-05-09T07:55:57.512Z	192.168.2.104	104.18.21.226	80	tcp:http	3000	0
2019-05-09T07:55:57.512Z	192.168.2.104	104.18.21.226	80	tcp:http:ocsp:ocsp:x509af:pkcs-1	1522	0
2019-05-09T07:55:57.512Z	192.168.2.104	172.217.20.67	443	tcp	1664	324
2019-05-09T07:55:57.512Z	192.168.2.104	172.217.20.67	443	tcp:ssl	2843	990
2019-05-09T07:55:57.512Z	192.168.2.104	93.92.134.236	443	tcp	1716	480
2019-05-09T07:55:57.512Z	192.168.2.104	93.92.134.236	443	tcp:ssl	2502	1292
2019-05-09T07:55:57.512Z	192.168.2.104	93.92.134.236	443	tcp:ssl:pkcs-1:x509sat:x509sat:x509sat	1062	0
2019-05-09T07:55:57.512Z	192.168.2.104	69.173.144.143	80	tcp	432	496
2019-05-09T07:55:57.512Z	192.168.2.104	185.64.189.247	80	tcp	268	300
2019-05-09T07:55:57.512Z	192.168.2.104	92.123.41.92	80	tcp	112	220
2019-05-09T07:55:57.512Z	192.168.2.104	173.241.240.220	80	tcp	432	600
2019-05-09T07:55:57.512Z	192.168.2.104	69.173.144.143	80	tcp:http	0	2135
2019-05-09T07:55:57.512Z	192.168.2.104	185.64.189.247	80	tcp:http	571	2986
2019-05-09T07:55:57.512Z	192.168.2.104	88.198.28.100	80	tcp	105372	2952
2019-05-09T07:55:57.512Z	192.168.2.104	37.157.4.39	80	tcp	216	248
2019-05-09T07:55:57.512Z	192.168.2.104	173.241.240.220	80	tcp:http	1875	1696
2019-05-09T07:55:57.512Z	192.168.2.104	88.198.28.100	80	tcp:http	1500	444
2019-05-09T07:55:57.512Z	192.168.2.104	185.64.189.247	80	tcp:http:data:data-text-lines	57	0
2019-05-09T07:55:57.512Z	192.168.2.104	37.157.4.39	80	tcp:http	0	658
2019-05-09T07:55:57.512Z	192.168.2.104	69.173.144.143	80	tcp:http:json	2379	0
2019-05-09T07:55:57.512Z	192.168.2.104	88.198.28.100	80	tcp:http:image-jfif	538	0
2019-05-09T07:55:57.512Z	192.168.2.104	173.241.240.220	80	tcp:http:data:json	114	0
2019-05-09T07:55:57.512Z	192.168.2.104	185.64.189.115	80	tcp	320	248
2019-05-09T07:55:57.512Z	192.168.2.104	37.157.4.39	80	tcp:http:data-text-lines	726	0
2019-05-09T07:55:57.512Z	192.168.2.104	185.64.189.115	80	tcp:http	0	2624
2019-05-09T07:55:57.512Z	192.168.2.104	173.255.206.146	443	tcp:ssl	95	0
2019-05-09T07:55:57.512Z	192.168.2.104	173.255.206.146	443	tcp	0	52
2019-05-09T07:55:57.512Z	192.168.2.104	185.64.189.115	80	tcp:http:data-text-lines	689	0
2019-05-09T07:55:57.512Z	192.168.2.104	185.29.132.23	80	tcp	216	248
2019-05-09T07:55:57.512Z	192.168.2.104	185.29.132.23	80	tcp:http	494	676
2019-05-09T07:55:57.512Z	192.168.2.104	185.64.189.114	80	tcp	268	300
2019-05-09T07:55:57.512Z	192.168.2.104	185.64.189.114	80	tcp:http	606	2600
2019-05-09T07:55:57.512Z	192.168.2.104	185.64.189.114	80	tcp:http:data	57	0
2019-05-09T07:55:57.512Z	192.168.2.104	216.58.211.110	443	tcp	3081	9562
2019-05-09T07:55:57.512Z	192.168.2.104	52.28.163.57	443	tcp	320	480
2019-05-09T07:55:57.512Z	192.168.2.104	52.28.163.57	443	tcp:ssl	2468	1847
2019-05-09T07:55:57.512Z	192.168.2.104	216.58.211.110	443	tcp:ssl	8341	6407
2019-05-09T07:55:57.512Z	192.168.2.104	52.28.163.57	443	tcp:ssl:pkcs-1:x509sat:x509sat:x509sat	1500	0
2019-05-09T07:55:57.512Z	192.168.2.104	52.28.163.57	443	tcp:ssl:ssl	176	0
2019-05-09T07:55:57.512Z	192.168.2.104	54.72.180.24	443	tcp	536	872
2019-05-09T07:55:57.512Z	192.168.2.104	104.193.83.156	443	tcp	4375	918
2019-05-09T07:55:57.512Z	192.168.2.104	193.0.160.129	443	tcp	495	1657
2019-05-09T07:55:57.512Z	192.168.2.104	213.155.156.181	443	tcp	1864	480
2019-05-09T07:55:57.512Z	192.168.2.104	54.72.180.24	443	tcp:ssl	4448	2743
2019-05-09T07:55:57.512Z	192.168.2.104	37.157.2.239	443	tcp	1820	428
2019-05-09T07:55:57.512Z	192.168.2.104	104.20.120.107	443	tcp	6548	1212
2019-05-09T07:55:57.512Z	192.168.2.104	72.251.249.9	443	tcp	4608	1190
2019-05-09T07:55:57.512Z	192.168.2.104	104.193.83.156	443	tcp:ssl	2247	1398
2019-05-09T07:55:57.512Z	192.168.2.104	193.0.160.129	443	tcp:ssl	6657	3665
2019-05-09T07:55:57.512Z	192.168.2.104	213.155.156.181	443	tcp:ssl	2015	1496
2019-05-09T07:55:57.512Z	192.168.2.104	37.157.2.239	443	tcp:ssl	2318	1506
2019-05-09T07:55:57.512Z	192.168.2.104	172.217.168.206	443	tcp	372	726
2019-05-09T07:55:57.512Z	192.168.2.104	104.20.120.107	443	tcp:ssl	5192	2575
2019-05-09T07:55:57.512Z	192.168.2.104	72.251.249.9	443	tcp:ssl	3976	2518
2019-05-09T07:55:57.512Z	192.168.2.104	216.58.213.206	443	tcp	1716	949
2019-05-09T07:55:57.512Z	192.168.2.104	193.0.160.129	443	tcp:ssl:pkcs-1:x509sat:x509sat:x509sat	2484	0
2019-05-09T07:55:57.512Z	192.168.2.104	172.217.168.206	443	tcp:ssl	1994	1902
2019-05-09T07:55:57.512Z	192.168.2.104	216.58.213.238	443	tcp	2307	1275
2019-05-09T07:55:57.512Z	192.168.2.104	54.72.180.24	443	tcp:ssl:pkcs-1:x509sat:x509sat:x509sat	3000	0
2019-05-09T07:55:57.512Z	192.168.2.104	54.72.180.24	443	tcp:ssl:ssl	170	0
2019-05-09T07:55:57.512Z	192.168.2.104	213.155.156.181	443	tcp:ssl:pkcs-1:x509sat:x509sat:x509sat	585	0
2019-05-09T07:55:57.512Z	192.168.2.104	93.184.220.29	80	tcp	544	704
2019-05-09T07:55:57.512Z	192.168.2.104	216.58.213.206	443	tcp:ssl	5029	1455
2019-05-09T07:55:57.512Z	192.168.2.104	216.58.213.238	443	tcp:ssl	10062	1455
2019-05-09T07:55:57.512Z	192.168.2.104	188.121.36.239	80	tcp	328	532
2019-05-09T07:55:57.512Z	192.168.2.104	72.251.249.9	443	tcp:ssl:pkcs-1:x509sat:x509sat:x509sat	1152	0
2019-05-09T07:55:57.512Z	192.168.2.104	37.157.2.239	443	tcp:ssl:pkcs-1:x509sat:x509sat:x509sat	1500	0
2019-05-09T07:55:57.512Z	192.168.2.104	37.157.2.239	443	tcp:ssl:ssl	373	0
2019-05-09T07:55:57.512Z	192.168.2.104	93.184.220.29	80	tcp:http:ocsp:x509af	0	1337
2019-05-09T07:55:57.512Z	192.168.2.104	185.64.189.115	443	tcp	3408	2434
2019-05-09T07:55:57.512Z	192.168.2.104	188.121.36.239	80	tcp:http:ocsp:x509af	0	1310
2019-05-09T07:55:57.512Z	192.168.2.104	63.215.202.137	443	tcp	3704	1720
2019-05-09T07:55:57.512Z	192.168.2.104	8.41.222.151	443	tcp	3348	997
2019-05-09T07:55:57.512Z	192.168.2.104	185.64.189.115	443	tcp:ssl	2720	2443
2019-05-09T07:55:57.512Z	192.168.2.104	104.193.83.156	443	tcp:ssl:pkcs-1:x509sat:x509sat:x509sat	887	0
2019-05-09T07:55:57.512Z	192.168.2.104	63.215.202.137	443	tcp:ssl	4332	2751
2019-05-09T07:55:57.512Z	192.168.2.104	8.41.222.151	443	tcp:ssl	2404	1653
2019-05-09T07:55:57.512Z	192.168.2.104	93.184.220.29	80	tcp:http:ocsp:ocsp:x509af:pkcs-1	2592	0
2019-05-09T07:55:57.512Z	192.168.2.104	188.121.36.239	80	tcp:http	4500	0
2019-05-09T07:55:57.512Z	192.168.2.104	188.121.36.239	80	tcp:http:ocsp:ocsp:x509sat:x509sat	2630	0
2019-05-09T07:55:57.512Z	192.168.2.104	185.64.189.115	443	tcp:ssl:pkcs-1:x509sat:x509sat:x509sat	581	0
2019-05-09T07:55:57.512Z	192.168.2.104	216.58.213.206	443	tcp:ssl:ssl	4368	0
2019-05-09T07:55:57.512Z	192.168.2.104	63.215.202.137	443	tcp:ssl:pkcs-1:x509sat:x509sat:x509sat	3000	0
2019-05-09T07:55:57.512Z	192.168.2.104	63.215.202.137	443	tcp:ssl:ocsp:x509af:pkcs-1:pkcs-1	1702	0
2019-05-09T07:55:57.512Z	192.168.2.104	216.58.213.238	443	tcp:ssl:ssl	3000	0
2019-05-09T07:55:57.512Z	192.168.2.104	8.41.222.151	443	tcp:ssl:pkcs-1:x509sat:x509sat:x509sat	918	0
2019-05-09T07:55:57.512Z	192.168.2.134	139.7.117.161	4500	udp:udpencap:isakmp	256	256
2019-05-09T07:55:57.512Z	192.168.2.104	173.241.240.143	80	tcp	448	1012
2019-05-09T07:55:57.512Z	192.168.2.104	173.241.240.143	80	tcp:http	0	3190
2019-05-09T07:55:57.512Z	192.168.2.104	104.87.220.113	443	tcp	3508	891
2019-05-09T07:55:57.512Z	192.168.2.104	104.87.220.113	443	tcp:ssl	4094	2734
2019-05-09T07:55:57.512Z	192.168.2.104	54.192.92.75	443	tcp	1896	459
2019-05-09T07:55:57.512Z	192.168.2.104	173.241.240.143	80	tcp:http:data-text-lines	2126	0
2019-05-09T07:55:57.512Z	192.168.2.104	104.87.220.113	443	tcp:ssl:pkcs-1:x509sat:x509sat:x509sat	2052	0
2019-05-09T07:55:57.512Z	192.168.2.104	54.192.92.75	443	tcp:ssl	1810	830
2019-05-09T07:55:57.512Z	192.168.2.104	34.252.227.77	80	tcp	216	248
2019-05-09T07:55:57.512Z	192.168.2.104	52.0.172.122	80	tcp	216	248
2019-05-09T07:55:57.512Z	192.168.2.104	18.185.170.232	80	tcp	216	248
2019-05-09T07:55:57.512Z	192.168.2.104	52.213.182.186	80	tcp	164	260
2019-05-09T07:55:57.512Z	192.168.2.104	173.241.240.17	443	tcp	216	376
2019-05-09T07:55:57.512Z	192.168.2.104	54.192.92.75	443	tcp:ssl:pkcs-1:x509sat:x509sat:x509sat	520	0
2019-05-09T07:55:57.512Z	192.168.2.104	52.0.172.122	80	tcp:http	477	558
2019-05-09T07:55:57.512Z	192.168.2.104	34.252.227.77	80	tcp:http	0	1044
2019-05-09T07:55:57.512Z	192.168.2.104	18.185.170.232	80	tcp:http	779	592
2019-05-09T07:55:57.512Z	192.168.2.104	52.213.182.186	80	tcp:http	789	884
2019-05-09T07:55:57.512Z	192.168.2.104	173.241.240.17	443	tcp:ssl	2952	1569
2019-05-09T07:55:57.512Z	192.168.2.104	173.241.240.17	443	tcp:ssl:ssl	1266	0
2019-05-09T07:55:57.512Z	192.168.2.104	34.252.227.77	80	tcp:http:image-gif	480	0
2019-05-09T07:55:57.512Z	192.168.2.104	173.241.240.143	80	tcp:http:image-gif	1185	0
2019-05-09T07:55:57.512Z	192.168.2.104	217.12.15.83	443	tcp	19796	2781
2019-05-09T07:55:57.512Z	192.168.2.104	217.12.15.83	443	tcp:ssl	10674	5580
2019-05-09T07:55:57.512Z	192.168.2.104	217.12.15.83	443	tcp:ssl:pkcs-1:x509sat:x509sat:x509sat	3702	0
2019-05-09T07:55:57.512Z	192.168.2.104	185.29.132.23	443	tcp	216	364
2019-05-09T07:55:57.512Z	192.168.2.104	217.12.15.83	443	tcp:ssl:ocsp:x509af:pkcs-1	1234	0
2019-05-09T07:55:57.512Z	192.168.2.104	185.29.132.23	443	tcp:ssl	2371	1417
2019-05-09T07:55:57.512Z	192.168.2.104	69.173.144.149	443	tcp	1716	404
2019-05-09T07:55:57.512Z	192.168.2.104	185.183.112.155	443	tcp	216	404
2019-05-09T07:55:57.512Z	192.168.2.104	154.59.122.74	443	tcp	7956	667
2019-05-09T07:55:57.512Z	192.168.2.104	23.235.59.61	443	tcp	508	480
2019-05-09T07:55:57.512Z	192.168.2.1	192.168.8.1	53	tcp	216	216
2019-05-09T07:55:57.512Z	192.168.2.1	192.168.8.1	53	tcp:dns	628	90
2019-05-09T07:55:57.512Z	192.168.2.104	69.173.144.149	443	tcp:ssl	1988	1740
2019-05-09T07:55:57.512Z	192.168.2.104	185.183.112.155	443	tcp:ssl	2263	1141
2019-05-09T07:55:57.512Z	192.168.2.104	154.59.122.74	443	tcp:ssl	2200	1240
2019-05-09T07:55:57.512Z	192.168.2.104	23.235.59.61	443	tcp:ssl	2679	1311
2019-05-09T07:55:57.512Z	192.168.2.104	69.173.144.165	443	tcp	4992	1352
2019-05-09T07:55:57.512Z	192.168.2.104	185.29.132.23	443	tcp:ssl:pkcs-1:x509sat:x509sat:x509sat	1500	0
2019-05-09T07:55:57.512Z	192.168.2.104	185.29.132.23	443	tcp:ssl:ssl	68	0
2019-05-09T07:55:57.512Z	192.168.2.104	69.173.144.149	443	tcp:ssl:pkcs-1:x509sat:x509sat:x509sat	155	0
2019-05-09T07:55:57.512Z	192.168.2.104	207.244.121.137	443	tcp	1976	532
2019-05-09T07:55:57.512Z	192.168.2.104	69.173.144.165	443	tcp:ssl	7719	7976
2019-05-09T07:55:57.512Z	192.168.2.104	185.183.112.155	443	tcp:ssl:pkcs-1:x509sat:x509sat:x509sat	1500	0
2019-05-09T07:55:57.512Z	192.168.2.104	185.183.112.155	443	tcp:ssl:ssl	170	0
2019-05-09T07:55:57.512Z	192.168.2.104	154.59.122.74	443	tcp:ssl:pkcs-1:x509sat:x509sat:x509sat	1379	0
2019-05-09T07:55:57.512Z	192.168.2.104	207.244.121.137	443	tcp:ssl	3206	1699
2019-05-09T07:55:57.512Z	192.168.2.104	84.53.142.39	80	tcp	216	248
2019-05-09T07:55:57.512Z	192.168.2.104	69.173.144.165	443	tcp:ssl:pkcs-1:x509sat:x509sat:x509sat	561	0
2019-05-09T07:55:57.512Z	192.168.2.104	84.53.142.39	80	tcp:http:ocsp:x509af	0	457
2019-05-09T07:55:57.512Z	192.168.2.104	84.53.142.39	80	tcp:http:ocsp:ocsp:x509sat:x509sat	965	0
2019-05-09T07:55:57.512Z	192.168.2.104	23.235.59.61	443	tcp:ssl:pkcs-1:x509sat:x509sat:x509sat	1500	0
2019-05-09T07:55:57.512Z	192.168.2.104	23.235.59.61	443	tcp:ssl:ssl	205	0
2019-05-09T07:55:57.512Z	192.168.2.104	207.244.121.137	443	tcp:ssl:pkcs-1:x509sat:x509sat:x509sat	516	0
2019-05-09T07:55:57.512Z	192.168.2.104	128.65.210.180	80	tcp	276	428
2019-05-09T07:55:57.512Z	192.168.2.104	128.65.210.180	80	tcp:http	376	1454
2019-05-09T07:55:57.512Z	192.168.2.104	128.65.210.180	443	tcp	151018	70995
2019-05-09T07:55:57.512Z	192.168.2.104	128.65.210.180	443	tcp:ssl	99757	77455
2019-05-09T07:55:57.512Z	192.168.2.104	128.65.210.180	443	tcp:ssl:ssl	102114	0
2019-05-09T07:55:57.512Z	192.168.2.104	8.253.95.117	443	tcp	941247	87941
2019-05-09T07:55:57.512Z	192.168.2.104	8.253.95.117	443	tcp:ssl	171711	98887
2019-05-09T07:55:57.512Z	192.168.2.104	128.65.210.187	443	tcp	5128	2465
2019-05-09T07:55:57.512Z	192.168.2.104	128.65.210.187	443	tcp:ssl	3772	2225
2019-05-09T07:55:57.512Z	192.168.2.104	8.253.95.117	443	tcp:ssl:pkcs-1:x509sat:x509sat:x509sat	5640	0
2019-05-09T07:55:57.512Z	192.168.2.104	8.253.95.117	443	tcp:ssl:ssl	34188	0
2019-05-09T07:55:57.512Z	192.168.2.104	2.23.75.186	443	tcp	4294	3231
2019-05-09T07:55:57.512Z	192.168.2.104	23.219.130.27	443	tcp	8212	9020
2019-05-09T07:55:57.512Z	192.168.2.104	91.215.100.40	443	tcp	3600	1580
2019-05-09T07:55:57.512Z	192.168.2.104	178.250.0.130	443	tcp	344	712
2019-05-09T07:55:57.512Z	192.168.2.104	172.217.16.72	443	tcp	216	1792
2019-05-09T07:55:57.512Z	192.168.2.104	52.85.188.14	443	tcp	4200	2103
2019-05-09T07:55:57.512Z	192.168.2.104	128.65.210.198	443	tcp	3084	1402
2019-05-09T07:55:57.512Z	192.168.2.104	104.20.64.35	443	tcp	3952	596
2019-05-09T07:55:57.512Z	192.168.2.104	92.123.40.245	443	tcp	73175	3349
2019-05-09T07:55:57.512Z	192.168.2.104	128.65.210.187	443	tcp:ssl:ssl	4784	0
2019-05-09T07:55:57.512Z	192.168.2.104	128.65.210.198	443	tcp:ssl	2889	2374
2019-05-09T07:55:57.512Z	192.168.2.104	104.20.64.35	443	tcp:ssl	4692	1543
2019-05-09T07:55:57.512Z	192.168.2.104	92.123.40.245	443	tcp:ssl	8789	2327
2019-05-09T07:55:57.512Z	192.168.2.104	172.217.16.72	443	tcp:ssl	14160	1480
2019-05-09T07:55:57.512Z	192.168.2.104	92.123.40.245	443	tcp:ssl:pkcs-1:x509sat:x509sat:x509sat	3000	0
2019-05-09T07:55:57.512Z	192.168.2.104	92.123.40.245	443	tcp:ssl:ocsp:x509af:pkcs-1:ssl	1694	0
2019-05-09T07:55:57.512Z	192.168.2.104	92.123.40.245	443	tcp:ssl:ssl	7500	0
2019-05-09T07:55:57.512Z	192.168.2.104	104.20.64.35	443	tcp:ssl:ssl	2236	0
2019-05-09T07:55:57.512Z	192.168.2.104	172.217.16.72	443	tcp:ssl:ssl	36000	0
2019-05-09T07:55:57.512Z	192.168.2.104	172.217.20.102	443	tcp	1732	633
2019-05-09T07:55:57.512Z	192.168.2.104	172.217.20.102	443	tcp:ssl	3052	1439
2019-05-09T07:55:57.512Z	192.168.2.104	128.65.210.198	443	tcp:ssl:ssl	419	0
2019-05-09T07:55:57.512Z	192.168.2.104	104.20.95.215	443	tcp	106094	11007
2019-05-09T07:55:57.512Z	192.168.2.104	104.20.95.215	443	tcp:ssl	21210	3077
2019-05-09T07:55:57.512Z	192.168.2.104	136.243.32.79	443	tcp	19005	55144
2019-05-09T07:55:57.512Z	192.168.2.104	136.243.32.79	443	tcp:ssl	25876	77481
2019-05-09T07:55:57.512Z	192.168.2.104	136.243.32.79	443	tcp:ssl:pkcs-1:x509sat:x509sat:x509sat	7500	0
2019-05-09T07:55:57.512Z	192.168.2.104	136.243.32.79	443	tcp:ssl:ssl	1025	0
2019-05-09T07:55:57.512Z	192.168.2.104	23.219.130.27	443	tcp:ssl	22724	9748
2019-05-09T07:55:57.512Z	192.168.2.104	2.23.75.186	443	tcp:ssl	7275	2504
2019-05-09T07:55:57.512Z	192.168.2.104	91.215.100.40	443	tcp:ssl	4680	2431
2019-05-09T07:55:57.512Z	192.168.2.104	178.250.0.130	443	tcp:ssl	3139	761
2019-05-09T07:55:57.512Z	192.168.2.104	104.20.95.215	443	tcp:ssl:ssl	106123	0
2019-05-09T07:55:57.512Z	192.168.2.104	23.219.130.27	443	tcp:ssl:pkcs-1:x509sat:x509sat:x509sat	3756	0
2019-05-09T07:55:57.512Z	192.168.2.104	23.219.130.27	443	tcp:ssl:ocsp:x509sat:x509sat:x509sat	2676	0
2019-05-09T07:55:57.512Z	192.168.2.104	91.215.100.40	443	tcp:ssl:pkcs-1:x509sat:x509sat:x509sat	599	0
2019-05-09T07:55:57.512Z	192.168.2.104	52.85.188.220	443	tcp	2306	1653
2019-05-09T07:55:57.512Z	192.168.2.104	178.250.0.130	443	tcp:ssl:ssl	1127	0
2019-05-09T07:55:57.512Z	192.168.2.104	104.87.220.171	443	tcp	1892	2173
2019-05-09T07:55:57.512Z	192.168.2.104	54.171.119.13	443	tcp	164	2470
2019-05-09T07:55:57.512Z	192.168.2.104	54.171.119.13	443	tcp:ssl	1021	1327
2019-05-09T07:55:57.512Z	192.168.2.104	148.251.84.39	443	tcp	6661	3075
2019-05-09T07:55:57.512Z	192.168.2.104	2.23.75.186	443	tcp:ssl:pkcs-1:x509sat:x509sat:x509sat	1932	0
2019-05-09T07:55:57.512Z	192.168.2.104	178.250.2.152	443	tcp	2028	5232
2019-05-09T07:55:57.512Z	192.168.2.104	147.75.83.82	443	tcp	1034	1245
2019-05-09T07:55:57.512Z	192.168.2.104	217.79.188.54	443	tcp	89150	5123
2019-05-09T07:55:57.512Z	192.168.2.104	147.75.83.82	443	tcp:ssl	3456	1336
2019-05-09T07:55:57.512Z	192.168.2.104	217.79.188.54	443	tcp:ssl	9680	2584
2019-05-09T07:55:57.512Z	192.168.2.104	147.75.83.82	443	tcp:ssl:pkcs-1:x509sat:x509sat:x509sat	1500	0
2019-05-09T07:55:57.512Z	192.168.2.104	147.75.83.82	443	tcp:ssl:ssl	988	0
2019-05-09T07:55:57.512Z	192.168.2.104	108.177.127.125	5222	tcp:data	0	53
2019-05-09T07:55:57.512Z	192.168.2.104	54.230.93.109	443	tcp	2048	1058
2019-05-09T07:55:57.512Z	192.168.2.104	52.209.176.49	443	tcp	276	2123
2019-05-09T07:55:57.512Z	192.168.2.104	217.79.188.54	443	tcp:ssl:pkcs-1:x509sat:x509sat:x509sat	1156	0
2019-05-09T07:55:57.512Z	192.168.2.104	178.250.2.152	443	tcp:ssl	3567	3989
2019-05-09T07:55:57.512Z	192.168.2.104	52.209.176.49	443	tcp:ssl	3575	2156
2019-05-09T07:55:57.512Z	192.168.2.104	172.217.16.74	443	tcp	216	2765
2019-05-09T07:55:57.512Z	192.168.2.104	54.230.93.109	443	tcp:ssl	4022	1998
2019-05-09T07:55:57.512Z	192.168.2.104	172.217.16.74	443	tcp:ssl	3663	1691
2019-05-09T07:55:57.512Z	192.168.2.104	136.243.5.17	443	tcp	6276	4097
2019-05-09T07:55:57.512Z	192.168.2.104	52.85.188.14	443	tcp:ssl	4444	2027
2019-05-09T07:55:57.512Z	192.168.2.104	54.230.93.109	443	tcp:ssl:pkcs-1:x509sat:x509sat:x509sat	1500	0
2019-05-09T07:55:57.512Z	192.168.2.104	54.230.93.109	443	tcp:ssl:ocsp:x509af:pkcs-1:pkcs-1	540	0
2019-05-09T07:55:57.512Z	192.168.2.104	205.185.216.10	443	tcp	2776	5772
2019-05-09T07:55:57.512Z	192.168.2.104	52.85.188.14	443	tcp:ssl:pkcs-1:x509sat:x509sat:x509sat	1500	0
2019-05-09T07:55:57.512Z	192.168.2.104	52.85.188.14	443	tcp:ssl:ocsp:x509af:pkcs-1:ssl	648	0
2019-05-09T07:55:57.512Z	192.168.2.104	104.87.220.171	443	tcp:ssl	5188	1946
2019-05-09T07:55:57.512Z	192.168.2.104	52.85.188.14	443	tcp:ssl:ssl	692	0
2019-05-09T07:55:57.512Z	192.168.2.104	34.200.182.117	443	tcp	3216	1646
2019-05-09T07:55:57.512Z	192.168.2.104	178.250.2.152	443	tcp:ssl:pkcs-1:x509sat:x509sat:x509sat	2936	0
2019-05-09T07:55:57.512Z	192.168.2.104	148.251.84.39	443	tcp:ssl	7573	2812
2019-05-09T07:55:57.512Z	192.168.2.104	104.87.220.171	443	tcp:ssl:x509sat:x509sat:x509sat:x509sat	1384	0
2019-05-09T07:55:57.512Z	192.168.2.104	136.243.5.17	443	tcp:ssl	5336	2103
2019-05-09T07:55:57.512Z	192.168.2.104	217.79.188.54	443	tcp:ssl:ssl	6000	0
2019-05-09T07:55:57.512Z	192.168.2.104	34.200.182.117	443	tcp:ssl	3379	1218
2019-05-09T07:55:57.512Z	192.168.2.104	205.185.216.10	443	tcp:ssl	7654	5533
2019-05-09T07:55:57.512Z	192.168.2.104	148.251.84.39	443	tcp:ssl:pkcs-1:x509sat:x509sat:x509sat	3000	0
2019-05-09T07:55:57.512Z	192.168.2.104	148.251.84.39	443	tcp:ssl:ssl	410	0
2019-05-09T07:55:57.512Z	192.168.2.116	178.250.0.162	443	tcp	1044	4729
2019-05-09T07:55:57.512Z	192.168.2.104	151.139.240.1	443	tcp	3164	2789
2019-05-09T07:55:57.512Z	192.168.2.104	205.185.216.10	443	tcp:ssl:pkcs-1:x509sat:x509sat:x509sat	974	0
2019-05-09T07:55:57.512Z	192.168.2.104	151.139.240.1	443	tcp:ssl	2374	1666
2019-05-09T07:55:57.512Z	192.168.2.104	136.243.5.17	443	tcp:ssl:pkcs-1:x509sat:x509sat:x509sat	3000	0
2019-05-09T07:55:57.512Z	192.168.2.104	136.243.5.17	443	tcp:ssl:ssl	410	0
2019-05-09T07:55:57.512Z	192.168.2.104	2.16.128.113	443	tcp	47640	3738
2019-05-09T07:55:57.512Z	192.168.2.104	52.209.176.49	443	tcp:ssl:pkcs-1:x509sat:x509sat:x509sat	1500	0
2019-05-09T07:55:57.512Z	192.168.2.104	52.209.176.49	443	tcp:ssl:ssl	227	0
2019-05-09T07:55:57.512Z	192.168.2.104	34.200.182.117	443	tcp:ssl:pkcs-1:x509sat:x509sat:x509sat	1010	0
2019-05-09T07:55:57.512Z	192.168.2.104	63.32.86.220	443	tcp	1768	4384
2019-05-09T07:55:57.512Z	192.168.2.116	178.250.0.162	443	tcp:ssl	3703	2584
2019-05-09T07:55:57.512Z	192.168.2.104	2.16.128.113	443	tcp:ssl	11087	4181
2019-05-09T07:55:57.512Z	192.168.2.104	66.117.29.226	443	tcp	112	2114
2019-05-09T07:55:57.512Z	192.168.2.104	52.85.188.220	443	tcp:ssl	4324	1514
2019-05-09T07:55:57.512Z	192.168.2.104	2.16.128.113	443	tcp:ssl:pkcs-1:x509sat:x509sat:x509sat	4066	0
2019-05-09T07:55:57.512Z	192.168.2.104	66.117.28.86	443	tcp	560	880
2019-05-09T07:55:57.512Z	192.168.2.104	108.128.62.29	443	tcp	2446	1553
2019-05-09T07:55:57.512Z	192.168.2.104	66.117.29.226	443	tcp:ssl	1126	1946
2019-05-09T07:55:57.512Z	192.168.2.104	23.219.130.27	443	tcp:ssl:ssl	64006	0
2019-05-09T07:55:57.512Z	192.168.2.104	92.123.40.73	443	tcp	187298	15137
2019-05-09T07:55:57.512Z	192.168.2.104	52.85.188.220	443	tcp:ssl:pkcs-1:x509sat:x509sat:x509sat	1500	0
2019-05-09T07:55:57.512Z	192.168.2.104	52.85.188.220	443	tcp:ssl:ocsp:x509af:pkcs-1:ssl	642	0
2019-05-09T07:55:57.512Z	192.168.2.104	63.32.86.220	443	tcp:ssl	4888	2216
2019-05-09T07:55:57.512Z	192.168.2.104	151.139.240.1	443	tcp:ssl:pkcs-1:x509sat:x509sat:x509sat	1347	0
2019-05-09T07:55:57.512Z	192.168.2.104	108.177.126.155	443	tcp	268	556
2019-05-09T07:55:57.512Z	192.168.2.104	216.58.211.110	443	tcp:ssl:ssl	0	2224
2019-05-09T07:55:57.512Z	192.168.2.104	66.117.28.86	443	tcp:ssl	2419	2365
2019-05-09T07:55:57.512Z	192.168.2.104	92.123.40.73	443	tcp:ssl	46016	16125
2019-05-09T07:55:57.512Z	192.168.2.104	66.117.28.86	443	tcp:ssl:pkcs-1:x509sat:x509sat:x509sat	1249	0
2019-05-09T07:55:57.512Z	192.168.2.104	63.32.86.220	443	tcp:ssl:pkcs-1:x509sat:x509sat:x509sat	1166	0
2019-05-09T07:55:57.512Z	192.168.2.104	34.236.13.75	443	tcp	3588	1942
2019-05-09T07:55:57.512Z	192.168.2.104	92.123.40.73	443	tcp:ssl:pkcs-1:x509sat:x509sat:x509sat	4500	0
2019-05-09T07:55:57.512Z	192.168.2.104	92.123.40.73	443	tcp:ssl:ssl	14724	0
2019-05-09T07:55:57.512Z	192.168.2.104	34.236.13.75	443	tcp:ssl	2193	2450
2019-05-09T07:55:57.512Z	192.168.2.104	54.72.80.76	443	tcp	216	376
2019-05-09T07:55:57.512Z	192.168.2.104	92.123.42.213	443	tcp	78368	3556
2019-05-09T07:55:57.512Z	192.168.2.104	54.72.80.76	443	tcp:ssl	3311	1935
2019-05-09T07:55:57.512Z	192.168.2.104	92.123.42.213	443	tcp:ssl	9528	12397
2019-05-09T07:55:57.512Z	192.168.2.104	92.123.42.213	443	tcp:ssl:x509sat:x509sat:x509sat:x509sat	2818	0
2019-05-09T07:55:57.512Z	192.168.2.104	54.72.80.76	443	tcp:ssl:pkcs-1:x509sat:x509sat:x509sat	1500	0
2019-05-09T07:55:57.512Z	192.168.2.104	54.72.80.76	443	tcp:ssl:ssl	227	0
2019-05-09T07:55:57.512Z	192.168.2.104	108.177.126.155	443	tcp:ssl	1957	1662
2019-05-09T07:55:57.512Z	192.168.2.104	2.16.128.113	443	tcp:ssl:ssl	4500	0
2019-05-09T07:55:57.512Z	192.168.2.104	108.128.62.29	443	tcp:ssl	3897	2035
2019-05-09T07:55:57.512Z	192.168.2.104	92.123.42.213	443	tcp:ssl:ssl	9000	0
2019-05-09T07:55:57.512Z	192.168.2.104	108.128.62.29	443	tcp:ssl:pkcs-1:x509sat:x509sat:x509sat	1500	0
2019-05-09T07:55:57.512Z	192.168.2.104	108.128.62.29	443	tcp:ssl:ssl	227	0
2019-05-09T07:55:57.512Z	192.168.2.104	34.236.13.75	443	tcp:ssl:pkcs-1:x509sat:x509sat:x509sat	1007	0
2019-05-09T07:55:57.512Z	192.168.2.104	144.76.220.117	443	tcp	3164	532
2019-05-09T07:55:57.512Z	192.168.2.116	94.23.241.148	80	tcp	191266	15382
2019-05-09T07:55:57.512Z	192.168.2.116	178.250.0.162	443	tcp:ssl:pkcs-1:x509sat:x509sat:x509sat	2976	0
2019-05-09T07:55:57.512Z	192.168.2.104	144.76.220.117	443	tcp:ssl	2976	2884
2019-05-09T07:55:57.512Z	192.168.2.116	94.23.241.148	80	tcp:http	147710	16795
2019-05-09T07:55:57.512Z	192.168.2.104	144.76.220.117	443	tcp:ssl:pkcs-1:x509sat:x509sat:x509sat	1500	0
2019-05-09T07:55:57.512Z	192.168.2.104	144.76.220.117	443	tcp:ssl:ssl	205	0
2019-05-09T07:55:57.512Z	192.168.2.104	63.32.86.220	443	tcp:ssl:ssl	746	0
2019-05-09T07:55:57.512Z	192.168.2.116	94.23.241.148	80	tcp:http:data:data:data:data-text-lines	57	0
2019-05-09T07:55:57.512Z	192.168.2.116	172.217.19.66	80	tcp	101224	2924
2019-05-09T07:55:57.512Z	192.168.2.116	217.79.188.11	80	tcp	7612	428
2019-05-09T07:55:57.512Z	192.168.2.116	172.217.20.78	443	tcp:ssl	69812	2438
2019-05-09T07:55:57.512Z	192.168.2.116	172.217.19.66	80	tcp:http	3000	826
2019-05-09T07:55:57.512Z	192.168.2.116	23.52.12.10	80	tcp	114512	4058
2019-05-09T07:55:57.512Z	192.168.2.116	217.79.188.2	80	tcp	176	787
2019-05-09T07:55:57.512Z	192.168.2.116	217.79.188.11	80	tcp:http	1500	385
2019-05-09T07:55:57.512Z	192.168.2.116	217.79.188.2	80	tcp:http	0	1005
2019-05-09T07:55:57.512Z	192.168.2.116	23.52.12.10	80	tcp:http	3000	2397
2019-05-09T07:55:57.512Z	192.168.2.116	172.217.20.78	443	tcp:ssl:ssl	65798	0
2019-05-09T07:55:57.512Z	192.168.2.116	172.217.20.78	443	tcp	480	4095
2019-05-09T07:55:57.512Z	192.168.2.116	217.79.188.11	80	tcp:http:media	197	0
2019-05-09T07:55:57.512Z	192.168.2.116	94.23.241.148	80	tcp:http:data-text-lines	1802	0
2019-05-09T07:55:57.512Z	192.168.2.116	94.23.241.148	80	tcp:http:data:data:data:data	1831	0
2019-05-09T07:55:57.512Z	192.168.2.116	217.79.188.2	80	tcp:http:data-text-lines	1697	0
2019-05-09T07:55:57.512Z	192.168.2.116	172.217.19.66	80	tcp:http:data-text-lines	2142	0
2019-05-09T07:55:57.512Z	192.168.2.116	23.52.12.10	80	tcp:http:media	2439	0
2019-05-09T07:55:57.512Z	192.168.2.116	94.23.241.148	80	tcp:http:image-jfif	15805	0
2019-05-09T07:55:57.512Z	192.168.2.116	94.23.241.148	80	tcp:http:png	2821	0
2019-05-09T07:55:57.512Z	192.168.2.116	54.230.93.70	80	tcp	16719	584
2019-05-09T07:55:57.512Z	192.168.2.116	54.230.93.70	80	tcp:http	1500	439
2019-05-09T07:55:57.512Z	192.168.2.116	172.217.17.132	443	tcp:ssl	8402	8322
2019-05-09T07:55:57.512Z	192.168.2.116	54.230.93.70	80	tcp:http:media	936	0
2019-05-09T07:55:57.512Z	192.168.2.116	52.85.188.95	80	tcp	224	452
2019-05-09T07:55:57.512Z	192.168.2.116	216.58.213.237	443	tcp	216	376
2019-05-09T07:55:57.512Z	192.168.2.116	216.58.208.110	443	tcp	1656	428
2019-05-09T07:55:57.512Z	192.168.2.116	172.217.17.132	443	tcp	752	3220
2019-05-09T07:55:57.512Z	192.168.2.116	216.58.213.237	443	tcp:ssl	4813	1883
2019-05-09T07:55:57.512Z	192.168.2.116	216.58.208.110	443	tcp:ssl	4487	1891
2019-05-09T07:55:57.512Z	192.168.2.116	23.52.12.10	80	tcp:http:json	737	0
2019-05-09T07:55:57.512Z	192.168.2.116	172.217.17.142	443	tcp	3364	988
2019-05-09T07:55:57.512Z	192.168.2.116	172.217.17.142	443	tcp:ssl	10819	2803
2019-05-09T07:55:57.512Z	192.168.2.116	52.85.188.95	80	tcp:http	0	407
2019-05-09T07:55:57.512Z	192.168.2.116	172.217.17.132	443	tcp:ssl:ssl	1500	0
2019-05-09T07:55:57.512Z	192.168.2.116	52.85.188.95	80	tcp:http:data-text-lines	555	0
2019-05-09T07:55:57.512Z	192.168.2.116	93.184.220.66	80	tcp	164	168
2019-05-09T07:55:57.512Z	192.168.2.116	93.184.220.66	80	tcp:http	491	546
2019-05-09T07:55:57.512Z	192.168.2.116	93.184.220.66	443	tcp	8132	1212
2019-05-09T07:55:57.512Z	192.168.2.116	93.184.220.66	443	tcp:ssl	6411	2262
2019-05-09T07:55:57.512Z	192.168.2.116	92.123.42.213	443	tcp	82676	3776
2019-05-09T07:55:57.512Z	192.168.2.116	93.184.220.66	443	tcp:ssl:ssl	2264	0
2019-05-09T07:55:57.512Z	192.168.2.116	92.123.42.213	443	tcp:ssl	4484	2171
2019-05-09T07:55:57.512Z	192.168.2.116	54.230.93.199	443	tcp	2295	640
2019-05-09T07:55:57.512Z	192.168.2.116	172.217.17.74	443	tcp	2738	1078
2019-05-09T07:55:57.512Z	192.168.2.116	54.230.93.199	443	tcp:ssl	4636	2268
2019-05-09T07:55:57.512Z	192.168.2.116	172.217.17.74	443	tcp:ssl	5971	4141
2019-05-09T07:55:57.512Z	192.168.2.116	92.123.42.213	443	tcp:ssl:x509sat:x509sat:x509sat:x509sat	1408	0
2019-05-09T07:55:57.512Z	192.168.2.116	185.64.189.115	443	tcp	6224	3730
2019-05-09T07:55:57.512Z	192.168.2.116	185.64.189.115	443	tcp:ssl	5432	3786
2019-05-09T07:55:57.512Z	192.168.2.116	34.95.92.78	443	tcp	3332	1359
2019-05-09T07:55:57.512Z	192.168.2.116	54.72.236.147	443	tcp	6448	6160
2019-05-09T07:55:57.512Z	192.168.2.116	54.230.93.199	443	tcp:ssl:pkcs-1:x509sat:x509sat:x509sat	1500	0
2019-05-09T07:55:57.512Z	192.168.2.116	54.230.93.199	443	tcp:ssl:ocsp:x509af:pkcs-1:ssl	527	0
2019-05-09T07:55:57.512Z	192.168.2.116	104.244.42.72	443	tcp	4178	5173
2019-05-09T07:55:57.512Z	192.168.2.116	34.95.92.78	443	tcp:ssl	2535	2277
2019-05-09T07:55:57.512Z	192.168.2.116	54.72.236.147	443	tcp:ssl	8944	5094
2019-05-09T07:55:57.512Z	192.168.2.116	104.244.42.72	443	tcp:ssl	5464	3503
2019-05-09T07:55:57.512Z	192.168.2.116	92.123.42.213	443	tcp:ssl:ssl	9000	0
2019-05-09T07:55:57.512Z	192.168.2.116	185.64.189.115	443	tcp:ssl:pkcs-1:x509sat:x509sat:x509sat	1162	0
2019-05-09T07:55:57.512Z	192.168.2.104	217.79.188.9	443	tcp	1768	480
2019-05-09T07:55:57.512Z	192.168.2.104	217.79.188.9	443	tcp:ssl	2595	1290
2019-05-09T07:55:57.512Z	192.168.2.116	34.95.92.78	443	tcp:ssl:pkcs-1:x509sat:x509sat:x509sat	607	0
2019-05-09T07:55:57.512Z	192.168.2.104	217.79.188.9	443	tcp:ssl:pkcs-1:x509sat:x509sat:x509sat	578	0
2019-05-09T07:55:57.512Z	192.168.2.104	217.79.188.11	443	tcp	1844	579
2019-05-09T07:55:57.512Z	192.168.2.116	88.221.235.91	80	tcp	112	604
2019-05-09T07:55:57.512Z	192.168.2.116	54.72.236.147	443	tcp:ssl:pkcs-1:x509sat:x509sat:x509sat	5388	0
2019-05-09T07:55:57.512Z	192.168.2.104	217.79.188.46	443	tcp	1904	563
2019-05-09T07:55:57.512Z	192.168.2.116	104.244.42.72	443	tcp:ssl:pkcs-1:x509sat:x509sat:x509sat	1194	0
2019-05-09T07:55:57.512Z	192.168.2.104	54.230.93.155	443	tcp	1664	376
2019-05-09T07:55:57.512Z	192.168.2.104	217.79.188.11	443	tcp:ssl	1893	830
2019-05-09T07:55:57.512Z	192.168.2.104	217.79.188.46	443	tcp:ssl	3673	1260
2019-05-09T07:55:57.512Z	192.168.2.116	88.221.235.91	80	tcp:http:ocsp:x509af	0	436
2019-05-09T07:55:57.512Z	192.168.2.116	172.217.20.67	443	tcp	1740	1368
2019-05-09T07:55:57.512Z	192.168.2.104	54.230.93.155	443	tcp:ssl	1953	1066
2019-05-09T07:55:57.512Z	192.168.2.104	217.79.188.11	443	tcp:ssl:pkcs-1:x509sat:x509sat:x509sat	1223	0
2019-05-09T07:55:57.512Z	192.168.2.104	217.79.188.46	443	tcp:ssl:pkcs-1:x509sat:x509sat:x509sat	578	0
2019-05-09T07:55:57.512Z	192.168.2.116	172.217.20.67	443	tcp:ssl	2842	990
2019-05-09T07:55:57.512Z	192.168.2.116	91.228.74.250	443	tcp	5532	6491
2019-05-09T07:55:57.512Z	192.168.2.116	35.176.7.224	443	tcp	1932	3246
2019-05-09T07:55:57.512Z	192.168.2.116	35.177.228.114	443	tcp	1664	1071
2019-05-09T07:55:57.512Z	192.168.2.104	54.230.93.155	443	tcp:ssl:pkcs-1:x509sat:x509sat:x509sat	1500	0
2019-05-09T07:55:57.512Z	192.168.2.104	54.230.93.155	443	tcp:ssl:ssl	350	0
2019-05-09T07:55:57.512Z	192.168.2.116	91.228.74.250	443	tcp:ssl	7599	13168
2019-05-09T07:55:57.512Z	192.168.2.116	35.176.7.224	443	tcp:ssl	2094	2353
2019-05-09T07:55:57.512Z	192.168.2.116	35.177.228.114	443	tcp:ssl	2013	3448
2019-05-09T07:55:57.512Z	192.168.2.116	172.217.17.65	443	tcp:ssl:ssl	90627	0
2019-05-09T07:55:57.512Z	192.168.2.116	88.221.235.91	80	tcp:http:ocsp:ocsp:x509af:pkcs-1	918	0
2019-05-09T07:55:57.512Z	192.168.2.116	35.177.228.114	443	tcp:ssl:pkcs-1:x509sat:x509sat:x509sat	1031	0
2019-05-09T07:55:57.512Z	192.168.2.116	54.230.93.199	443	tcp:ssl:ssl	796	0
2019-05-09T07:55:57.512Z	192.168.2.116	91.228.74.250	443	tcp:ssl:pkcs-1:x509sat:x509sat:x509sat	1611	0
2019-05-09T07:55:57.512Z	192.168.2.116	35.176.7.224	443	tcp:ssl:pkcs-1:x509sat:x509sat:x509sat	1031	0
2019-05-09T07:55:57.512Z	192.168.2.116	104.16.170.188	443	tcp	15497	16704
2019-05-09T07:55:57.512Z	192.168.2.116	104.16.170.188	443	tcp:ssl	50937	23426
2019-05-09T07:55:57.512Z	192.168.2.104	172.217.19.67	443	tcp	216	376
2019-05-09T07:55:57.512Z	192.168.2.116	88.221.235.103	80	tcp	164	168
2019-05-09T07:55:57.512Z	192.168.2.104	172.217.19.67	443	tcp:ssl	1548	1793
2019-05-09T07:55:57.512Z	192.168.2.116	88.221.235.103	80	tcp:http:ocsp:x509af	0	438
2019-05-09T07:55:57.512Z	192.168.2.116	23.194.206.213	443	tcp	1176	6132
2019-05-09T07:55:57.512Z	192.168.2.116	23.194.206.213	443	tcp:ssl	14148	15588
2019-05-09T07:55:57.512Z	192.168.2.116	88.221.235.103	80	tcp:http:ocsp:ocsp:x509af	726	0
2019-05-09T07:55:57.512Z	192.168.2.116	23.194.206.213	443	tcp:ssl:x509sat:x509sat:x509sat:x509sat	8454	0
2019-05-09T07:55:57.512Z	192.168.2.104	130.211.5.178	443	tcp	320	324
2019-05-09T07:55:57.512Z	192.168.2.104	130.211.5.178	443	tcp:ssl	2842	1821
2019-05-09T07:55:57.512Z	192.168.2.116	104.16.170.188	443	tcp:ssl:ssl	23592	0
2019-05-09T07:55:57.512Z	192.168.2.104	104.19.195.151	443	tcp	268	220
2019-05-09T07:55:57.512Z	192.168.2.104	104.19.195.151	443	tcp:ssl	879	1165
2019-05-09T07:55:57.512Z	192.168.2.116	52.214.114.110	80	tcp	853	660
2019-05-09T07:55:57.512Z	192.168.2.116	52.214.114.110	80	tcp:http	4727	2666
2019-05-09T07:55:57.512Z	192.168.2.116	52.233.198.206	443	tcp	1832	1928
2019-05-09T07:55:57.512Z	192.168.2.116	52.233.198.206	443	tcp:ssl	2234	3619
2019-05-09T07:55:57.512Z	192.168.2.116	52.214.114.110	80	tcp:http:png	484	0
2019-05-09T07:55:57.512Z	192.168.2.116	52.233.198.206	443	tcp:ssl:pkcs-1:x509sat:x509sat:x509sat	500	0
2019-05-09T07:55:57.512Z	192.168.2.116	52.214.114.110	80	tcp:http:data-text-lines	599	0
2019-05-09T07:55:57.512Z	192.168.2.116	52.214.114.110	80	tcp:http:data:data:media	1055	0
2019-05-09T07:55:57.512Z	192.168.2.116	185.60.216.35	443	tcp:data	3000	0
2019-05-09T07:55:57.512Z	192.168.2.104	136.243.2.209	443	tcp	3492	868
2019-05-09T07:55:57.512Z	192.168.2.104	136.243.2.209	443	tcp:ssl	3743	7106
2019-05-09T07:55:57.512Z	192.168.2.116	52.214.114.110	80	tcp:http:image-gif	63	0
2019-05-09T07:55:57.512Z	192.168.2.104	136.243.2.209	443	tcp:ssl:pkcs-1:x509sat:x509sat:x509sat	1500	0
2019-05-09T07:55:57.512Z	192.168.2.104	136.243.2.209	443	tcp:ssl:ssl	205	0
2019-05-09T07:55:57.512Z	192.168.2.104	172.217.16.70	443	tcp	164	324
2019-05-09T07:55:57.512Z	192.168.2.104	172.217.16.70	443	tcp:ssl	1165	1599
2019-05-09T07:55:57.512Z	192.168.2.104	107.178.245.205	443	tcp	268	324
2019-05-09T07:55:57.512Z	192.168.2.104	35.190.7.190	443	tcp	268	428
2019-05-09T07:55:57.512Z	192.168.2.104	107.178.245.205	443	tcp:ssl	702	1870
2019-05-09T07:55:57.512Z	192.168.2.104	199.166.0.26	443	tcp	64664	2196
2019-05-09T07:55:57.512Z	192.168.2.104	80.252.91.52	443	tcp	1612	376
2019-05-09T07:55:57.512Z	192.168.2.104	62.113.194.12	443	tcp	292	376
2019-05-09T07:55:57.512Z	192.168.2.104	199.166.0.26	443	tcp:ssl	3960	1142
2019-05-09T07:55:57.512Z	192.168.2.104	35.190.7.190	443	tcp:ssl	917	1745
2019-05-09T07:55:57.512Z	192.168.2.104	80.252.91.52	443	tcp:ssl	2164	1548
2019-05-09T07:55:57.512Z	192.168.2.104	62.113.194.12	443	tcp:ssl	2281	1006
2019-05-09T07:55:57.512Z	192.168.2.104	199.166.0.26	443	tcp:ssl:pkcs-1:x509sat:x509sat:x509sat	948	0
2019-05-09T07:55:57.512Z	192.168.2.104	62.113.194.12	443	tcp:ssl:ssl	1749	0
2019-05-09T07:55:57.512Z	192.168.2.104	80.252.91.52	443	tcp:ssl:pkcs-1:x509sat:x509sat:x509sat	1095	0
2019-05-09T07:55:57.512Z	192.168.2.104	46.105.199.2	443	tcp	3216	428
2019-05-09T07:55:57.512Z	192.168.2.104	199.166.0.26	443	tcp:ssl:ssl	6000	0
2019-05-09T07:55:57.512Z	192.168.2.104	35.172.2.249	443	tcp	372	428
2019-05-09T07:55:57.512Z	192.168.2.104	46.105.199.2	443	tcp:ssl	1814	1066
2019-05-09T07:55:57.512Z	192.168.2.104	35.172.2.249	443	tcp:ssl	3283	2349
2019-05-09T07:55:57.512Z	192.168.2.104	46.105.199.2	443	tcp:ssl:pkcs-1:x509sat:x509sat:x509sat	1500	0
2019-05-09T07:55:57.512Z	192.168.2.104	46.105.199.2	443	tcp:ssl:ssl	116	0
2019-05-09T07:55:57.512Z	192.168.2.104	199.166.0.32	443	tcp	3112	324
2019-05-09T07:55:57.512Z	192.168.2.104	35.172.2.249	443	tcp:ssl:pkcs-1:x509sat:x509sat:x509sat	1500	0
2019-05-09T07:55:57.512Z	192.168.2.104	35.172.2.249	443	tcp:ssl:ocsp:x509sat:x509sat:x509sat	646	0
2019-05-09T07:55:57.512Z	192.168.2.104	199.166.0.32	443	tcp:ssl	1810	714
2019-05-09T07:55:57.512Z	192.168.2.104	199.166.0.32	443	tcp:ssl:pkcs-1:x509sat:x509sat:x509sat	948	0
2019-05-09T07:55:57.512Z	192.168.2.116	52.85.188.88	443	tcp	294268	8748
2019-05-09T07:55:57.512Z	192.168.2.116	52.85.188.88	443	tcp:ssl	5506	1483
2019-05-09T07:55:57.512Z	192.168.2.116	52.85.188.88	443	tcp:ssl:pkcs-1:x509sat:x509sat:x509sat	1500	0
2019-05-09T07:55:57.512Z	192.168.2.116	52.85.188.88	443	tcp:ssl:ocsp:x509af:pkcs-1:ssl	642	0
2019-05-09T07:55:57.512Z	192.168.2.116	52.85.188.88	443	tcp:ssl:ssl	28149	0
2019-05-09T07:55:57.512Z	192.168.2.116	54.192.93.120	443	tcp:ssl	0	181
2019-05-09T07:55:57.512Z	192.168.2.116	54.192.93.120	443	tcp	168	104
2019-05-09T07:55:57.512Z	192.168.2.104	104.244.37.20	443	tcp	3536	544
2019-05-09T07:55:57.512Z	192.168.2.104	104.244.37.20	443	tcp:ssl	2407	4411
2019-05-09T07:55:57.512Z	192.168.2.104	104.244.37.20	443	tcp:ssl:pkcs-1:x509sat:x509sat:x509sat	948	0
